Origen,Destino,Distancia_KM,Tiempo_Horas,Peaje_MXN
Aguascalientes,Mexicali,2131.417,23.787222222222223,1677.0
Aguascalientes,La Paz,1347.574,22.410555555555554,0.0
Aguascalientes,Campeche,1608.818,20.192777777777778,2828.0
Aguascalientes,Tuxtla Gutiérrez,1311.998,15.451666666666666,2750.0
Aguascalientes,Chihuahua,943.605,10.875833333333333,1220.0
Aguascalientes,Ciudad de México,499.138,5.947777777777778,1173.0
Aguascalientes,Saltillo,485.676,5.7188888888888885,110.0
Aguascalientes,Colima,411.324,4.8069444444444445,1261.0
Aguascalientes,Durango,472.133,5.638055555555556,190.0
Aguascalientes,Guanajuato,180.539,2.485,396.0
Aguascalientes,Chilpancingo,766.924,8.816944444444445,1582.0
Aguascalientes,Pachuca,503.62,5.820833333333334,1058.0
Aguascalientes,Guadalajara,222.536,2.838611111111111,641.0
Aguascalientes,Toluca,475.297,5.940833333333333,877.0
Aguascalientes,Morelia,314.485,3.7405555555555554,814.0
Aguascalientes,Cuernavaca,578.599,6.8933333333333335,1287.0
Aguascalientes,Tepic,424.398,5.201388888888889,1331.0
Aguascalientes,Monterrey,573.364,6.687222222222222,388.0
Aguascalientes,Oaxaca,987.635,13.230555555555556,1711.0
Aguascalientes,Puebla,615.059,7.163333333333333,1515.0
Aguascalientes,Querétaro,287.702,3.424722222222222,689.0
Aguascalientes,Chetumal,1805.042,21.860555555555557,2600.0
Aguascalientes,San Luis Potosí,167.592,2.3577777777777778,0.0
Aguascalientes,Culiacán,904.327,10.695277777777777,0.0
Aguascalientes,Hermosillo,1572.208,18.176111111111112,0.0
Aguascalientes,Villahermosa,1230.233,14.22638888888889,2548.0
Aguascalientes,Ciudad Victoria,498.088,6.022777777777778,496.0
Aguascalientes,Tlaxcala,592.653,6.763333333333334,1446.0
Aguascalientes,Xalapa,746.035,8.572777777777778,1700.0
Aguascalientes,Mérida,1791.035,21.954444444444444,2923.0
Aguascalientes,Zacatecas,118.158,1.6636111111111112,44.0
Mexicali,La Paz,1348.681,15.72638888888889,0.0
Mexicali,Campeche,3924.077,42.87722222222222,0.0
Mexicali,Tuxtla Gutiérrez,3627.257,38.13583333333333,0.0
Mexicali,Chihuahua,1183.784,13.067777777777778,370.0
Mexicali,Ciudad de México,2587.864,29.566666666666666,4441.0
Mexicali,Saltillo,1914.136,20.881666666666668,1570.0
Mexicali,Colima,2210.432,24.81888888888889,3530.0
Mexicali,Durango,1742.218,19.41611111111111,370.0
Mexicali,Guanajuato,2322.897,26.450277777777778,3718.0
Mexicali,Chilpancingo,2844.143,32.23444444444444,4883.0
Mexicali,Pachuca,2604.66,29.433888888888887,4351.0
Mexicali,Guadalajara,2052.691,23.316388888888888,3031.0
Mexicali,Toluca,2519.833,28.689444444444444,4151.0
Mexicali,Morelia,2335.884,26.337222222222223,3707.0
Mexicali,Cuernavaca,2655.818,30.310833333333335,4588.0
Mexicali,Tepic,1846.582,20.769166666666667,2341.0
Mexicali,Monterrey,2148.058,20.67,0.0
Mexicali,Oaxaca,3088.675,36.84388888888889,5004.0
Mexicali,Puebla,2716.099,30.77638888888889,4808.0
Mexicali,Querétaro,2410.965,27.212777777777777,3650.0
Mexicali,Chetumal,4120.301,44.545,0.0
Mexicali,San Luis Potosí,2206.077,24.581666666666667,1633.0
Mexicali,Culiacán,1396.745,15.903611111111111,801.0
Mexicali,Hermosillo,694.5,8.148055555555555,256.0
Mexicali,Villahermosa,3545.492,36.910833333333336,0.0
Mexicali,Ciudad Victoria,2422.809,23.718888888888888,0.0
Mexicali,Tlaxcala,2693.693,30.376666666666665,4739.0
Mexicali,Xalapa,2847.075,32.18611111111111,4993.0
Mexicali,Mérida,4106.294,44.638888888888886,0.0
Mexicali,Zacatecas,2019.339,22.27722222222222,1567.0
La Paz,Campeche,2787.584,40.297222222222224,5540.0
La Paz,Tuxtla Gutiérrez,2490.764,35.55583333333333,5462.0
La Paz,Chihuahua,1111.928,22.49361111111111,0.0
La Paz,Ciudad de México,1665.59,26.057777777777776,3860.0
La Paz,Saltillo,1406.76,22.49138888888889,2665.0
La Paz,Colima,1288.158,21.31,2949.0
La Paz,Durango,963.649,17.99388888888889,1534.0
La Paz,Guanajuato,1400.623,22.941388888888888,3137.0
La Paz,Chilpancingo,1921.869,28.725555555555555,4302.0
La Paz,Pachuca,1682.386,25.92527777777778,3770.0
La Paz,Guadalajara,1130.416,19.8075,2450.0
La Paz,Toluca,1597.559,25.180555555555557,3570.0
La Paz,Morelia,1413.61,22.828333333333333,3126.0
La Paz,Cuernavaca,1733.543,26.801944444444445,4007.0
La Paz,Tepic,924.307,17.260277777777777,1760.0
La Paz,Monterrey,1488.882,23.430555555555557,2892.0
La Paz,Oaxaca,2166.401,33.335,4423.0
La Paz,Puebla,1793.824,27.267777777777777,4227.0
La Paz,Querétaro,1488.691,23.70388888888889,3069.0
La Paz,Chetumal,2983.808,41.965,5312.0
La Paz,San Luis Potosí,1377.101,22.858055555555556,1680.0
La Paz,Culiacán,474.471,12.394722222222223,220.0
La Paz,Hermosillo,736.842,15.319722222222222,581.0
La Paz,Villahermosa,2408.998,34.33083333333333,5260.0
La Paz,Ciudad Victoria,1703.366,26.372777777777777,2095.0
La Paz,Tlaxcala,1771.419,26.86777777777778,4158.0
La Paz,Xalapa,1924.8,28.677222222222223,4412.0
La Paz,Mérida,2969.801,42.05888888888889,5635.0
La Paz,Zacatecas,1190.362,20.55388888888889,1614.0
Campeche,Tuxtla Gutiérrez,619.332,9.344166666666666,482.0
Campeche,Chihuahua,2546.333,30.74222222222222,3301.0
Campeche,Ciudad de México,1137.119,15.279166666666667,1643.0
Campeche,Saltillo,1960.421,23.80361111111111,2455.0
Campeche,Colima,1855.794,22.7275,3710.0
Campeche,Durango,2074.861,25.504166666666666,2271.0
Campeche,Guanajuato,1477.804,18.78472222222222,2366.0
Campeche,Chilpancingo,1297.136,16.661944444444444,2051.0
Campeche,Pachuca,1150.736,15.189722222222223,1711.0
Campeche,Guadalajara,1670.246,20.790555555555557,3090.0
Campeche,Toluca,1196.514,16.205277777777777,1826.0
Campeche,Morelia,1431.657,18.262777777777778,2414.0
Campeche,Cuernavaca,1172.669,15.596111111111112,1700.0
Campeche,Tepic,1872.108,23.153333333333332,3780.0
Campeche,Monterrey,1790.266,22.92527777777778,2043.0
Campeche,Oaxaca,977.824,15.997777777777777,734.0
Campeche,Puebla,1015.107,13.6825,1338.0
Campeche,Querétaro,1336.086,17.113055555555555,2063.0
Campeche,Chetumal,306.207,4.393611111111111,0.0
Campeche,San Luis Potosí,1530.349,19.16888888888889,2125.0
Campeche,Culiacán,2352.036,28.647222222222222,0.0
Campeche,Hermosillo,3019.917,36.12777777777778,0.0
Campeche,Villahermosa,377.915,6.003611111111111,206.0
Campeche,Ciudad Victoria,1519.602,19.709444444444443,2043.0
Campeche,Tlaxcala,1043.089,13.988055555555556,0.0
Campeche,Xalapa,944.475,12.669166666666667,1243.0
Campeche,Mérida,258.168,3.7472222222222222,0.0
Campeche,Zacatecas,1720.551,21.518333333333334,2125.0
Tuxtla Gutiérrez,Chihuahua,2250.707,26.057222222222222,3223.0
Tuxtla Gutiérrez,Ciudad de México,841.492,10.594166666666666,1565.0
Tuxtla Gutiérrez,Saltillo,1664.795,19.11888888888889,2377.0
Tuxtla Gutiérrez,Colima,1560.167,18.0425,3632.0
Tuxtla Gutiérrez,Durango,1779.234,20.819444444444443,2193.0
Tuxtla Gutiérrez,Guanajuato,1182.178,14.099722222222223,2288.0
Tuxtla Gutiérrez,Chilpancingo,1001.509,11.976944444444445,1973.0
Tuxtla Gutiérrez,Pachuca,855.109,10.505,1633.0
Tuxtla Gutiérrez,Guadalajara,1374.619,16.105555555555554,3012.0
Tuxtla Gutiérrez,Toluca,900.888,11.520277777777778,1748.0
Tuxtla Gutiérrez,Morelia,1136.031,13.578055555555556,2336.0
Tuxtla Gutiérrez,Cuernavaca,877.042,10.911111111111111,1622.0
Tuxtla Gutiérrez,Tepic,1576.482,18.468333333333334,3702.0
Tuxtla Gutiérrez,Monterrey,1494.639,18.240277777777777,1965.0
Tuxtla Gutiérrez,Oaxaca,539.08,8.3725,166.0
Tuxtla Gutiérrez,Puebla,719.48,8.9975,1260.0
Tuxtla Gutiérrez,Querétaro,1040.46,12.428055555555556,1985.0
Tuxtla Gutiérrez,Chetumal,816.196,11.043055555555556,254.0
Tuxtla Gutiérrez,San Luis Potosí,1234.722,14.484166666666667,2047.0
Tuxtla Gutiérrez,Culiacán,2056.41,23.962222222222223,0.0
Tuxtla Gutiérrez,Hermosillo,2724.291,31.443055555555556,0.0
Tuxtla Gutiérrez,Villahermosa,241.386,3.408888888888889,202.0
Tuxtla Gutiérrez,Ciudad Victoria,1223.975,15.024444444444445,1965.0
Tuxtla Gutiérrez,Tlaxcala,747.462,9.303055555555556,0.0
Tuxtla Gutiérrez,Xalapa,648.849,7.984166666666667,1165.0
Tuxtla Gutiérrez,Mérida,802.189,11.136944444444444,577.0
Tuxtla Gutiérrez,Zacatecas,1424.924,16.83361111111111,2047.0
Chihuahua,Ciudad de México,1440.999,16.644444444444446,1454.0
Chihuahua,Saltillo,726.627,8.057222222222222,1113.0
Chihuahua,Colima,1369.69,15.513333333333334,2561.0
Chihuahua,Durango,566.011,6.693888888888889,0.0
Chihuahua,Guanajuato,1138.905,13.19138888888889,1696.0
Chihuahua,Chilpancingo,1708.785,19.51361111111111,1836.0
Chihuahua,Pachuca,1445.481,16.5175,1531.0
Chihuahua,Guadalajara,1180.902,13.545,1941.0
Chihuahua,Toluca,1417.671,16.63861111111111,1350.0
Chihuahua,Morelia,1272.851,14.446944444444444,2114.0
Chihuahua,Cuernavaca,1520.46,17.59,1541.0
Chihuahua,Tepic,1099.438,13.194166666666666,1674.0
Chihuahua,Monterrey,808.75,8.99638888888889,1340.0
Chihuahua,Oaxaca,1929.496,23.927222222222223,2184.0
Chihuahua,Puebla,1556.92,17.86,1988.0
Chihuahua,Querétaro,1234.815,14.105277777777777,1176.0
Chihuahua,Chetumal,2746.903,32.55722222222222,3073.0
Chihuahua,San Luis Potosí,1018.568,11.757222222222222,1176.0
Chihuahua,Culiacán,738.659,12.045833333333333,26.0
Chihuahua,Hermosillo,693.494,10.937777777777777,147.0
Chihuahua,Villahermosa,2172.094,24.923055555555557,3021.0
Chihuahua,Ciudad Victoria,1086.472,12.333055555555555,1340.0
Chihuahua,Tlaxcala,1534.514,17.46,1919.0
Chihuahua,Xalapa,1687.896,19.269444444444446,2173.0
Chihuahua,Mérida,2732.896,32.65111111111111,3396.0
Chihuahua,Zacatecas,831.83,9.453055555555556,1110.0
Ciudad de México,Saltillo,841.09,9.466388888888888,839.0
Ciudad de México,Colima,736.987,8.453333333333333,2094.0
Ciudad de México,Durango,955.53,11.166944444444445,655.0
Ciudad de México,Guanajuato,358.473,4.4475,750.0
Ciudad de México,Chilpancingo,275.177,3.433611111111111,444.0
Ciudad de México,Pachuca,90.232,1.438611111111111,69.0
Ciudad de México,Guadalajara,551.439,6.516388888888889,1474.0
Ciudad de México,Toluca,63.398,1.1997222222222221,183.0
Ciudad de México,Morelia,312.85,3.988611111111111,798.0
Ciudad de México,Cuernavaca,86.852,1.51,149.0
Ciudad de México,Tepic,753.301,8.879166666666666,2164.0
Ciudad de México,Monterrey,908.895,10.285,1033.0
Ciudad de México,Oaxaca,507.825,8.217222222222222,526.0
Ciudad de México,Puebla,135.249,2.149722222222222,330.0
Ciudad de México,Querétaro,216.755,2.7758333333333334,447.0
Ciudad de México,Chetumal,1325.232,16.84722222222222,1415.0
Ciudad de México,San Luis Potosí,411.018,4.831666666666667,509.0
Ciudad de México,Culiacán,1233.229,14.372777777777777,0.0
Ciudad de México,Hermosillo,1901.11,21.85361111111111,0.0
Ciudad de México,Villahermosa,750.422,9.212777777777777,1363.0
Ciudad de México,Ciudad Victoria,686.653,8.463888888888889,907.0
Ciudad de México,Tlaxcala,120.793,1.8741666666666668,277.0
Ciudad de México,Xalapa,296.691,3.9183333333333334,927.0
Ciudad de México,Mérida,1311.225,16.941111111111113,1738.0
Ciudad de México,Zacatecas,601.22,7.181111111111111,509.0
Saltillo,Colima,916.662,10.268055555555556,1502.0
Saltillo,Durango,546.94,5.988888888888889,981.0
Saltillo,Guanajuato,616.425,7.306388888888889,465.0
Saltillo,Chilpancingo,1112.337,12.503333333333334,1255.0
Saltillo,Pachuca,849.033,9.507222222222222,685.0
Saltillo,Guadalajara,727.874,8.299722222222222,882.0
Saltillo,Toluca,821.222,9.628055555555555,504.0
Saltillo,Morelia,760.725,8.779444444444444,755.0
Saltillo,Cuernavaca,924.011,10.579722222222221,960.0
Saltillo,Tepic,929.737,10.6625,1572.0
Saltillo,Monterrey,86.745,1.1536111111111111,143.0
Saltillo,Oaxaca,1333.048,16.916944444444443,1338.0
Saltillo,Puebla,960.471,10.849722222222223,1142.0
Saltillo,Querétaro,638.366,7.095,330.0
Saltillo,Chetumal,2061.959,25.316388888888888,2091.0
Saltillo,San Luis Potosí,444.83,4.98,225.0
Saltillo,Culiacán,971.386,11.023888888888889,0.0
Saltillo,Hermosillo,1418.57,18.41888888888889,962.0
Saltillo,Villahermosa,1487.149,17.682222222222222,2039.0
Saltillo,Ciudad Victoria,364.467,4.490277777777778,143.0
Saltillo,Tlaxcala,938.066,10.449722222222222,1073.0
Saltillo,Xalapa,1091.447,12.259166666666667,1327.0
Saltillo,Mérida,2047.952,25.41027777777778,2414.0
Saltillo,Zacatecas,382.866,4.271388888888889,51.0
Colima,Durango,899.594,10.477222222222222,1531.0
Colima,Guanajuato,467.086,5.620555555555556,1307.0
Colima,Chilpancingo,984.337,11.363333333333333,2472.0
Colima,Pachuca,744.855,8.562777777777777,1940.0
Colima,Guadalajara,195.643,2.7358333333333333,409.0
Colima,Toluca,660.027,7.818333333333333,1740.0
Colima,Morelia,476.079,5.465833333333333,1296.0
Colima,Cuernavaca,796.012,9.439722222222223,2177.0
Colima,Tepic,369.311,4.406944444444444,1189.0
Colima,Monterrey,1000.826,11.526388888888889,1729.0
Colima,Oaxaca,1228.869,15.972777777777777,2593.0
Colima,Puebla,856.293,9.905277777777778,2397.0
Colima,Querétaro,551.16,6.341666666666667,1239.0
Colima,Chetumal,2046.277,24.6025,3482.0
Colima,San Luis Potosí,524.76,6.3375,0.0
Colima,Culiacán,849.239,9.900833333333333,0.0
Colima,Hermosillo,1517.12,17.381666666666668,0.0
Colima,Villahermosa,1471.467,16.968333333333334,3430.0
Colima,Ciudad Victoria,855.256,10.002222222222223,1722.0
Colima,Tlaxcala,833.888,9.505555555555556,2328.0
Colima,Xalapa,987.269,11.315,2582.0
Colima,Mérida,2032.27,24.696666666666665,3805.0
Colima,Zacatecas,545.62,6.502777777777778,1385.0
Durango,Guanajuato,662.047,7.7775,666.0
Durango,Chilpancingo,1231.927,14.099722222222223,1071.0
Durango,Pachuca,968.623,11.10361111111111,501.0
Durango,Guadalajara,704.044,8.13111111111111,911.0
Durango,Toluca,940.812,11.224444444444444,320.0
Durango,Morelia,795.993,9.032777777777778,1084.0
Durango,Cuernavaca,1043.601,12.176111111111112,776.0
Durango,Tepic,533.652,6.510833333333333,1674.0
Durango,Monterrey,649.748,6.905277777777778,1358.0
Durango,Oaxaca,1452.638,18.513333333333332,1154.0
Durango,Puebla,1080.061,12.446111111111112,958.0
Durango,Querétaro,757.957,8.69138888888889,146.0
Durango,Chetumal,2270.045,27.143333333333334,2043.0
Durango,San Luis Potosí,541.71,6.343333333333334,146.0
Durango,Culiacán,527.824,6.442222222222222,0.0
Durango,Hermosillo,1195.705,13.923055555555555,0.0
Durango,Villahermosa,1695.235,19.509166666666665,1991.0
Durango,Ciudad Victoria,867.975,9.858055555555556,561.0
Durango,Tlaxcala,1057.656,12.046111111111111,889.0
Durango,Xalapa,1211.037,13.855555555555556,1143.0
Durango,Mérida,2256.038,27.237222222222222,2366.0
Durango,Zacatecas,354.971,4.038888888888889,80.0
Guanajuato,Chilpancingo,627.642,7.351111111111111,1120.0
Guanajuato,Pachuca,364.338,4.355,596.0
Guanajuato,Guadalajara,273.457,3.3316666666666666,687.0
Guanajuato,Toluca,336.015,4.475,415.0
Guanajuato,Morelia,175.203,2.274722222222222,352.0
Guanajuato,Cuernavaca,439.317,5.4275,825.0
Guanajuato,Tepic,475.319,5.694444444444445,1377.0
Guanajuato,Monterrey,679.768,7.966666666666667,659.0
Guanajuato,Oaxaca,848.353,11.764722222222222,1249.0
Guanajuato,Puebla,475.777,5.6975,1053.0
Guanajuato,Querétaro,148.42,1.958888888888889,227.0
Guanajuato,Chetumal,1665.76,20.39472222222222,2138.0
Guanajuato,San Luis Potosí,181.89,2.513611111111111,135.0
Guanajuato,Culiacán,955.247,11.188333333333333,0.0
Guanajuato,Hermosillo,1623.128,18.66888888888889,0.0
Guanajuato,Villahermosa,1090.951,12.760555555555555,2086.0
Guanajuato,Ciudad Victoria,498.29,6.13,555.0
Guanajuato,Tlaxcala,453.371,5.2975,984.0
Guanajuato,Xalapa,606.753,7.106944444444444,1238.0
Guanajuato,Mérida,1651.753,20.488611111111112,2461.0
Guanajuato,Zacatecas,309.472,3.845833333333333,520.0
Chilpancingo,Pachuca,375.949,4.748611111111111,0.0
Chilpancingo,Guadalajara,799.57,9.205833333333333,1850.0
Chilpancingo,Toluca,325.848,3.898888888888889,623.0
Chilpancingo,Morelia,560.982,6.678055555555556,1174.0
Chilpancingo,Cuernavaca,188.16,2.1552777777777776,295.0
Chilpancingo,Tepic,1001.432,11.568333333333333,2540.0
Chilpancingo,Monterrey,1179.859,13.254722222222222,0.0
Chilpancingo,Oaxaca,557.821,8.342777777777778,542.0
Chilpancingo,Puebla,281.623,3.254722222222222,713.0
Chilpancingo,Querétaro,487.719,5.745555555555556,0.0
Chilpancingo,Chetumal,1485.7,18.24861111111111,1823.0
Chilpancingo,San Luis Potosí,681.982,7.801388888888889,0.0
Chilpancingo,Culiacán,1481.361,17.06222222222222,0.0
Chilpancingo,Hermosillo,2149.241,24.543055555555554,0.0
Chilpancingo,Villahermosa,910.89,10.614444444444445,1771.0
Chilpancingo,Ciudad Victoria,998.381,11.417777777777777,0.0
Chilpancingo,Tlaxcala,312.52,3.685277777777778,0.0
Chilpancingo,Xalapa,457.159,5.32,1335.0
Chilpancingo,Mérida,1471.693,18.3425,2146.0
Chilpancingo,Zacatecas,872.184,10.150833333333333,0.0
Pachuca,Guadalajara,558.188,6.355,1320.0
Pachuca,Toluca,152.393,2.3355555555555556,252.0
Pachuca,Morelia,319.6,3.8272222222222223,644.0
Pachuca,Cuernavaca,179.647,2.8080555555555557,218.0
Pachuca,Tepic,760.05,8.717777777777778,2010.0
Pachuca,Monterrey,916.168,10.186666666666667,879.0
Pachuca,Oaxaca,520.34,8.136944444444444,594.0
Pachuca,Puebla,147.763,2.0694444444444446,398.0
Pachuca,Querétaro,224.028,2.6775,293.0
Pachuca,Chetumal,1337.747,16.766944444444444,1483.0
Pachuca,San Luis Potosí,418.291,4.733333333333333,355.0
Pachuca,Culiacán,1239.979,14.211666666666666,0.0
Pachuca,Hermosillo,1907.859,21.692222222222224,0.0
Pachuca,Villahermosa,762.937,9.1325,1431.0
Pachuca,Ciudad Victoria,615.775,7.559444444444445,797.0
Pachuca,Tlaxcala,125.358,1.6697222222222223,329.0
Pachuca,Xalapa,278.739,3.4791666666666665,584.0
Pachuca,Mérida,1323.74,16.860833333333332,1806.0
Pachuca,Zacatecas,608.493,7.082777777777777,355.0
Guadalajara,Toluca,475.105,5.7588888888888885,1120.0
Guadalajara,Morelia,291.157,3.406388888888889,676.0
Guadalajara,Cuernavaca,611.09,7.380277777777778,1557.0
Guadalajara,Tepic,204.306,2.673611111111111,690.0
Guadalajara,Monterrey,811.909,9.425555555555556,1109.0
Guadalajara,Oaxaca,1043.947,13.913333333333334,1973.0
Guadalajara,Puebla,671.371,7.845833333333333,1777.0
Guadalajara,Querétaro,366.237,4.282222222222222,619.0
Guadalajara,Chetumal,1861.354,22.543055555555554,2862.0
Guadalajara,San Luis Potosí,335.843,4.2363888888888885,0.0
Guadalajara,Culiacán,684.234,8.167222222222222,0.0
Guadalajara,Hermosillo,1352.115,15.648055555555555,0.0
Guadalajara,Villahermosa,1286.545,14.908888888888889,2810.0
Guadalajara,Ciudad Victoria,666.339,7.901388888888889,1102.0
Guadalajara,Tlaxcala,648.965,7.446111111111111,1708.0
Guadalajara,Xalapa,802.347,9.255555555555556,1962.0
Guadalajara,Mérida,1847.347,22.636944444444445,3185.0
Guadalajara,Zacatecas,356.703,4.401666666666666,765.0
Toluca,Morelia,234.997,3.1055555555555556,444.0
Toluca,Cuernavaca,135.217,2.0080555555555555,330.0
Toluca,Tepic,675.448,7.996111111111111,1810.0
Toluca,Monterrey,887.686,10.292777777777777,698.0
Toluca,Oaxaca,537.277,8.638333333333334,521.0
Toluca,Puebla,194.936,3.0425,513.0
Toluca,Querétaro,195.547,2.783611111111111,112.0
Toluca,Chetumal,1384.92,17.74,1598.0
Toluca,San Luis Potosí,389.809,4.839444444444444,174.0
Toluca,Culiacán,1155.376,13.49,0.0
Toluca,Hermosillo,1823.257,20.970833333333335,0.0
Toluca,Villahermosa,810.11,10.105555555555556,1546.0
Toluca,Ciudad Victoria,706.209,8.456111111111111,594.0
Toluca,Tlaxcala,180.481,2.7672222222222222,460.0
Toluca,Xalapa,356.379,4.811111111111111,1110.0
Toluca,Mérida,1370.913,17.83388888888889,1921.0
Toluca,Zacatecas,580.011,7.188888888888889,174.0
Morelia,Cuernavaca,369.569,4.801111111111111,881.0
Morelia,Tepic,491.041,5.730277777777777,1366.0
Morelia,Monterrey,826.662,9.545277777777779,949.0
Morelia,Oaxaca,802.426,11.334166666666667,1297.0
Morelia,Puebla,429.85,5.266666666666667,1101.0
Morelia,Querétaro,189.361,2.2847222222222223,445.0
Morelia,Chetumal,1619.833,19.964166666666667,2186.0
Morelia,San Luis Potosí,328.785,4.092222222222222,425.0
Morelia,Culiacán,970.969,11.223888888888888,0.0
Morelia,Hermosillo,1638.85,18.704722222222223,0.0
Morelia,Villahermosa,1045.024,12.329722222222221,2134.0
Morelia,Ciudad Victoria,645.184,7.708611111111111,845.0
Morelia,Tlaxcala,407.445,4.866944444444444,1032.0
Morelia,Xalapa,560.826,6.676388888888889,1286.0
Morelia,Mérida,1605.826,20.058055555555555,2509.0
Morelia,Zacatecas,445.796,5.240555555555556,938.0
Cuernavaca,Tepic,811.921,9.629166666666666,2245.0
Cuernavaca,Monterrey,990.348,11.315277777777778,0.0
Cuernavaca,Oaxaca,432.631,7.281666666666666,191.0
Cuernavaca,Puebla,156.665,2.2030555555555558,362.0
Cuernavaca,Querétaro,298.208,3.806111111111111,0.0
Cuernavaca,Chetumal,1360.742,17.197222222222223,1472.0
Cuernavaca,San Luis Potosí,492.471,5.862222222222222,0.0
Cuernavaca,Culiacán,1291.85,15.123055555555556,0.0
Cuernavaca,Hermosillo,1959.731,22.60388888888889,0.0
Cuernavaca,Villahermosa,785.933,9.562777777777777,1420.0
Cuernavaca,Ciudad Victoria,808.871,9.47861111111111,0.0
Cuernavaca,Tlaxcala,187.562,2.633888888888889,0.0
Cuernavaca,Xalapa,332.202,4.2683333333333335,984.0
Cuernavaca,Mérida,1346.735,17.29111111111111,1795.0
Cuernavaca,Zacatecas,682.673,8.211666666666666,0.0
Tepic,Monterrey,1050.473,11.883611111111112,3152.0
Tepic,Oaxaca,1241.352,16.302222222222223,2663.0
Tepic,Puebla,868.775,10.235,2467.0
Tepic,Querétaro,563.642,6.671111111111111,1309.0
Tepic,Chetumal,2058.759,24.932222222222222,3552.0
Tepic,San Luis Potosí,533.248,6.625555555555556,0.0
Tepic,Culiacán,480.434,5.650277777777778,0.0
Tepic,Hermosillo,1148.315,13.130833333333333,0.0
Tepic,Villahermosa,1483.949,17.298055555555557,3500.0
Tepic,Ciudad Victoria,863.744,10.290555555555555,1792.0
Tepic,Tlaxcala,846.37,9.835277777777778,2398.0
Tepic,Xalapa,999.751,11.644444444444444,2652.0
Tepic,Mérida,2044.752,25.02611111111111,3875.0
Tepic,Zacatecas,554.107,6.7908333333333335,1455.0
Monterrey,Oaxaca,1299.163,17.77,0.0
Monterrey,Puebla,1029.832,11.761666666666667,1336.0
Monterrey,Querétaro,707.727,8.006944444444445,524.0
Monterrey,Chetumal,1981.489,24.455833333333334,1948.0
Monterrey,San Luis Potosí,514.19,5.891944444444444,419.0
Monterrey,Culiacán,1053.207,12.079166666666667,0.0
Monterrey,Hermosillo,1500.391,19.47388888888889,1189.0
Monterrey,Villahermosa,1406.679,16.821666666666665,1896.0
Monterrey,Ciudad Victoria,283.997,3.629722222222222,0.0
Monterrey,Tlaxcala,1007.427,11.361666666666666,1267.0
Monterrey,Xalapa,974.454,11.844444444444445,1116.0
Monterrey,Mérida,1967.482,24.549722222222222,2271.0
Monterrey,Zacatecas,464.254,5.299166666666666,278.0
Oaxaca,Puebla,343.169,4.478611111111111,389.0
Oaxaca,Querétaro,664.148,7.9094444444444445,1114.0
Oaxaca,Chetumal,1375.574,17.446666666666665,1319.0
Oaxaca,San Luis Potosí,858.41,9.965277777777779,1176.0
Oaxaca,Culiacán,1680.098,19.44333333333333,0.0
Oaxaca,Hermosillo,2347.979,26.924166666666668,0.0
Oaxaca,Villahermosa,800.764,9.8125,1267.0
Oaxaca,Ciudad Victoria,987.913,12.177222222222222,0.0
Oaxaca,Tlaxcala,371.15,4.784166666666667,0.0
Oaxaca,Xalapa,417.947,5.450833333333334,0.0
Oaxaca,Mérida,1361.567,17.540555555555557,1642.0
Oaxaca,Zacatecas,1048.612,12.314722222222223,1176.0
Puebla,Querétaro,330.01,4.009166666666666,636.0
Puebla,Chetumal,1202.15,15.299166666666666,1110.0
Puebla,San Luis Potosí,524.272,6.065,698.0
Puebla,Culiacán,1345.96,15.543055555555556,0.0
Puebla,Hermosillo,2013.841,23.023888888888887,0.0
Puebla,Villahermosa,627.341,7.665,1058.0
Puebla,Ciudad Victoria,685.515,8.86138888888889,1052.0
Puebla,Tlaxcala,37.007,0.8841666666666667,144.0
Puebla,Xalapa,173.61,2.370277777777778,622.0
Puebla,Mérida,1188.143,15.393055555555556,1433.0
Puebla,Zacatecas,714.474,8.414444444444445,698.0
Querétaro,Chetumal,1524.783,18.81222222222222,1835.0
Querétaro,San Luis Potosí,205.598,2.419722222222222,0.0
Querétaro,Culiacán,1030.824,12.111666666666666,0.0
Querétaro,Hermosillo,1698.705,19.5925,0.0
Querétaro,Villahermosa,949.973,11.178055555555556,1783.0
Querétaro,Ciudad Victoria,521.998,6.036388888888889,420.0
Querétaro,Tlaxcala,312.394,3.715,681.0
Querétaro,Xalapa,465.775,5.524444444444445,935.0
Querétaro,Mérida,1510.776,18.906111111111112,2158.0
Querétaro,Zacatecas,395.8,4.769166666666667,0.0
Chetumal,San Luis Potosí,1727.5,20.871388888888887,1897.0
Chetumal,Culiacán,2549.188,30.349444444444444,0.0
Chetumal,Hermosillo,3217.069,37.83027777777778,0.0
Chetumal,Villahermosa,575.904,7.616944444444444,52.0
Chetumal,Ciudad Victoria,1716.753,21.411944444444444,1815.0
Chetumal,Tlaxcala,1240.24,15.690277777777778,0.0
Chetumal,Xalapa,1141.627,14.371666666666666,1015.0
Chetumal,Mérida,383.164,4.936944444444444,0.0
Chetumal,Zacatecas,1917.702,23.220833333333335,1897.0
San Luis Potosí,Culiacán,946.365,11.436388888888889,0.0
San Luis Potosí,Hermosillo,1614.246,18.91722222222222,0.0
San Luis Potosí,Villahermosa,1144.688,13.290277777777778,1845.0
San Luis Potosí,Ciudad Victoria,330.787,3.9972222222222222,315.0
San Luis Potosí,Tlaxcala,507.108,5.8275,743.0
San Luis Potosí,Xalapa,660.49,7.6369444444444445,997.0
San Luis Potosí,Mérida,1705.49,21.01861111111111,2220.0
San Luis Potosí,Zacatecas,189.928,2.4944444444444445,0.0
Culiacán,Hermosillo,701.126,8.231944444444444,801.0
Culiacán,Villahermosa,1968.987,22.726666666666667,4990.0
Culiacán,Ciudad Victoria,1263.355,14.768611111111111,1825.0
Culiacán,Tlaxcala,1331.407,15.26388888888889,3888.0
Culiacán,Xalapa,1484.789,17.073333333333334,4142.0
Culiacán,Mérida,2529.789,30.454722222222223,5365.0
Culiacán,Zacatecas,750.351,8.949722222222222,1344.0
Hermosillo,Villahermosa,2633.312,30.122777777777777,5841.0
Hermosillo,Ciudad Victoria,1927.68,22.165,2676.0
Hermosillo,Tlaxcala,1995.732,22.66,4739.0
Hermosillo,Xalapa,2149.114,24.469444444444445,4993.0
Hermosillo,Mérida,3194.114,37.85111111111111,6216.0
Hermosillo,Zacatecas,1414.676,16.345833333333335,2195.0
Villahermosa,Ciudad Victoria,1142.17,13.87888888888889,1763.0
Villahermosa,Tlaxcala,665.657,8.1575,0.0
Villahermosa,Xalapa,567.044,6.838611111111111,963.0
Villahermosa,Mérida,559.446,7.793055555555555,301.0
Villahermosa,Zacatecas,1343.119,15.687777777777777,1845.0
Ciudad Victoria,Tlaxcala,647.301,8.404166666666667,908.0
Ciudad Victoria,Xalapa,703.286,8.656944444444445,1116.0
Ciudad Victoria,Mérida,1696.313,21.362222222222222,2271.0
Ciudad Victoria,Zacatecas,514.89,6.0375,415.0
Tlaxcala,Xalapa,175.931,2.2952777777777778,462.0
Tlaxcala,Mérida,1220.418,15.70138888888889,1556.0
Tlaxcala,Zacatecas,694.793,8.0,743.0
Xalapa,Mérida,1126.309,14.506666666666666,1287.0
Xalapa,Zacatecas,847.497,9.884444444444444,997.0
Mérida,Zacatecas,1902.837,23.20916666666667,2220.0
